Subject,Catalog,Section,Component,Session,MinUnits,Units,TotEnrl,CapEnrl,AcadOrg,Instructor,Capacity,Room,MtgStart,MtgEnd,Days,StartDate,EndDate,Term,Campus,ClassNbr,TotalCredits,DUP,FULL,OVER
BIO,141,D01,DED,8W1,4,4,19,30,STEM,"Abrahams,Shaheem",30,TUAL, , , ,5/23/2022,7/18/2022,2223,MAIN,35276,76,,,
BIO,142,D01,DED,8W1,4,4,22,30,STEM,"Abrahams,Shaheem",30,TUAL, , , ,5/23/2022,7/18/2022,2223,MAIN,35278,88,,,
BIO,142,D01L,LAB,8W1,0,0,22,30,STEM,"Abrahams,Shaheem",30,TUAL, , , ,5/23/2022,7/18/2022,2223,MAIN,35279,0,,,
BIO,142,D02,DED,8W1,4,4,21,30,STEM,"Abrahams,Shaheem",30,TUAL, , , ,5/23/2022,7/18/2022,2223,MAIN,40672,84,,,
BIO,142,D02L,LAB,8W1,0,0,21,30,STEM,"Abrahams,Shaheem",30,TUAL, , , ,5/23/2022,7/18/2022,2223,MAIN,40673,0,,,
PHY,141,D01,DED,8W1,4,4,12,24,STEM,"Anderson Jr.,William Michael",30,TUAL, , , ,5/23/2022,7/18/2022,2223,MAIN,35397,48,,,
PHY,141,D01L,LAB,8W1,0,0,12,24,STEM,"Anderson Jr.,William Michael",30,TUAL, , , ,5/23/2022,7/18/2022,2223,MAIN,35398,0,,,
UMS,107,D01,DED,DYN,3,3,3,16,STEM,"Bellows,Alan S",30,TUAL, , , ,5/9/2022,7/1/2022,2223,MAIN,39680,9,,,
AUT,101,50H,LEC,10W,3,3,5,24,STEM,"Broadley Jr.,Harold Z",24,504,5:30:00 PM,8:30:00 PM,TR,5/16/2022,7/25/2022,2223,MAIN,36934,15,#REF!,,
AUT,236,01H,LEC,10W,4,4,5,24,STEM,"Burge,Mark D",24,504,8:00:00 AM,12:30:00 PM,MW,5/16/2022,7/25/2022,2223,MAIN,35539,20,,,
MDE,10,B40H,LEC,8W1,3,3,3,18,STEM,"Cannon,Tiffany Thomas",28,429,7:00:00 PM,8:15:00 PM,MW,5/23/2022,7/18/2022,2223,MAIN,41205,9,,,
MDE,61,DG50,DED,8W1,3,3,4,18,STEM,"Cannon,Tiffany Thomas",30,TUAL,7:00:00 PM,9:40:00 PM,TR,5/23/2022,7/18/2022,2223,MAIN,38986,12,,,
MDE,61,G40H,LEC,8W1,3,3,1,18,STEM,"Cannon,Tiffany Thomas",28,429,4:00:00 PM,6:45:00 PM,MW,5/23/2022,7/18/2022,2223,MAIN,38675,3,,,
ITP,220,DN60,DED,DYN,4,4,1,5,STEM,"Chemerys,Lisa A.",30,TUAL, , , ,5/31/2022,8/8/2022,2223,MAIN,39690,4,,,
MDE,60,D02,DED,8W1,3,3,8,18,STEM,"Collier,Amanda Michelle",30,TUAL, , , ,5/23/2022,7/18/2022,2223,MAIN,38639,24,,,
GOL,106,D01,DED,8W1,4,4,2,30,STEM,"Coolbear,Kristen M",30,TUAL, , , ,5/23/2022,7/18/2022,2223,MAIN,35385,8,,,
GOL,106,D01L,LAB,8W1,0,0,2,30,STEM,"Coolbear,Kristen M",30,TUAL, , , ,5/23/2022,7/18/2022,2223,MAIN,35386,0,,,
CHM,111,01W,LEC,8W1,4,4,1,24,STEM,"Crowley,Pamela K",24,304,8:00:00 AM,10:50:00 AM,MW,5/23/2022,7/18/2022,2223,HT,35390,4,,,
CHM,111,01WL,LAB,8W1,0,0,1,24,STEM,"Crowley,Pamela K",24,332,11:00:00 AM,1:50:00 PM,MW,5/23/2022,7/18/2022,2223,HT,35391,0,,,
IND,243,X01L,LAB,DYN,3,0,11,12,STEM,"Cruz,Stephanie L",25,NHTC,7:40:00 AM,10:10:00 AM,TR,5/9/2022,6/10/2022,2223,MAIN,39646,0,,,
MEC,155,01HL,LAB,DYN,3,0,4,9,STEM,"Cruz,Stephanie L",25,NHTC,12:00:00 PM,4:00:00 PM,MW,5/9/2022,6/17/2022,2223,MAIN,39673,0,,,
MEC,155,C90L,LAB,DYN,3,0,7,7,STEM,"Cruz,Stephanie L",25,NHTC,12:00:00 PM,4:00:00 PM,MW,5/9/2022,6/17/2022,2223,MAIN,39674,0,,FULL,
MEC,155,D01,DED,DYN,3,3,4,9,STEM,"Cruz,Stephanie L",30,TUAL, , , ,5/9/2022,6/17/2022,2223,MAIN,35442,12,#REF!,,
MEC,155,DC90,DED,DYN,3,3,7,7,STEM,"Cruz,Stephanie L",30,TUAL, , , ,5/9/2022,6/17/2022,2223,MAIN,39672,21,,FULL,
ITE,115,D02,DED,8W1,3,3,3,24,STEM,"Decker,Lloyd",30,TUAL, , , ,5/23/2022,7/18/2022,2223,MAIN,35420,9,,,
ITE,119,B50H,LEC,8W1,3,3,4,24,STEM,"Decker,Lloyd",25,428,5:30:00 PM,8:15:00 PM,T,5/23/2022,7/18/2022,2223,MAIN,35455,12,,,
MTH,161,D02,DED,8W1,3,3,7,28,STEM,"Delmage,Erin Kathleen",30,TUAL, , , ,5/23/2022,7/18/2022,2223,MAIN,38725,21,,,
PHY,202,D40,DED,8W1,4,4,7,24,STEM,"Dulli,Hani",30,TUAL,5:30:00 PM,6:45:00 PM,MTWR,5/23/2022,7/18/2022,2223,MAIN,35382,28,,,
PHY,202,D50L,LAB,8W1,0,0,7,24,STEM,"Dulli,Hani",30,TUAL,7:00:00 PM,9:40:00 PM,TR,5/23/2022,7/18/2022,2223,MAIN,35383,0,,,
MTH,161,DG40,DED,8W1,3,3,1,18,STEM,"Edradan,Alberto Omni",30,TUAL, , , ,5/23/2022,7/18/2022,2223,MAIN,35556,3,,,
MTH,265,D01,DED,8W1,4,4,10,28,STEM,"Edradan,Alberto Omni",30,TUAL, , , ,5/23/2022,7/18/2022,2223,MAIN,35236,40,,,
BIO,102,D01,DED,8W1,4,4,20,30,STEM,"Evans,Ann S",30,TUAL, , , ,5/23/2022,7/18/2022,2223,MAIN,35310,80,,,
BIO,102,D01L,LAB,8W1,0,0,20,30,STEM,"Evans,Ann S",30,TUAL, , , ,5/23/2022,7/18/2022,2223,MAIN,35311,0,,,
MDE,54,DG01,DED,8W1,3,3,6,18,STEM,"Feygelson,Rimma",30,TUAL, , , ,5/23/2022,7/18/2022,2223,MAIN,38671,18,,,
MTH,154,DG01,DED,8W1,3,3,6,18,STEM,"Feygelson,Rimma",30,TUAL, , , ,5/23/2022,7/18/2022,2223,MAIN,35550,18,,,
MTH,267,D01,DED,8W1,3,3,7,28,STEM,"Feygelson,Rimma",30,TUAL, , , ,5/23/2022,7/18/2022,2223,MAIN,35230,21,,,
MTH,154,20W,LEC,8W1,3,3,4,28,STEM,"Filsinger,Michael D",28,235,8:00:00 AM,10:45:00 AM,TR,5/23/2022,7/18/2022,2223,HT,35559,12,,,
MTH,154,40H,LEC,8W1,3,3,2,28,STEM,"Filsinger,Michael D",44,426,4:00:00 PM,6:45:00 PM,MW,5/23/2022,7/18/2022,2223,MAIN,35551,6,,,
MTH,154,D05,DED,8W1,3,3,4,32,STEM,"Filsinger,Michael D",30,TUAL,11:00:00 AM,1:45:00 PM,MW,5/23/2022,7/18/2022,2223,MAIN,39152,12,,,
MTH,263,D01,DED,8W1,4,4,19,28,STEM,"Golub,Tatiana",30,TUAL, , , ,5/23/2022,7/18/2022,2223,MAIN,35233,76,,,
BIO,142,40H,LEC,8W1,4,4,1,24,STEM,"Guinn,Barbara B",48,421,7:00:00 PM,9:40:00 PM,MW,5/23/2022,7/18/2022,2223,MAIN,35440,4,,,
BIO,142,50HL,LAB,8W1,0,0,1,24,STEM,"Guinn,Barbara B",24,434,7:00:00 PM,9:40:00 PM,TR,5/23/2022,7/18/2022,2223,MAIN,35441,0,,,
BIO,142,D03L,LAB,8W1,0,0,3,30,STEM,"Guinn,Barbara B",30,TUAL, , , ,5/23/2022,7/18/2022,2223,MAIN,41517,0,,,
GOL,105,D01,DED,8W1,4,4,10,30,STEM,"Hall,Lisa Todd",30,TUAL, , , ,5/23/2022,7/18/2022,2223,MAIN,35429,40,,,
GOL,105,D01L,LAB,8W1,0,0,10,30,STEM,"Hall,Lisa Todd",30,TUAL, , , ,5/23/2022,7/18/2022,2223,MAIN,35430,0,,,
BIO,150,20H,LEC,8W1,4,4,14,24,STEM,"Hardage,Adrianna Ferraioli",28,429,2:00:00 PM,4:50:00 PM,TR,5/23/2022,7/18/2022,2223,MAIN,35202,56,,,
BIO,150,20HL,LAB,8W1,0,0,14,24,STEM,"Hardage,Adrianna Ferraioli",24,401,11:00:00 AM,1:50:00 PM,TR,5/23/2022,7/18/2022,2223,MAIN,35203,0,,,
BIO,150,D01,DED,8W1,4,4,28,30,STEM,"Hardage,Adrianna Ferraioli",30,TUAL, , , ,5/23/2022,7/18/2022,2223,MAIN,35250,112,,,
BIO,150,D01L,LAB,8W1,0,0,28,30,STEM,"Hardage,Adrianna Ferraioli",30,TUAL, , , ,5/23/2022,7/18/2022,2223,MAIN,35251,0,,,
CHM,101,D03,DED,8W1,4,4,4,29,STEM,"Harry,Stephanie Dawn",30,TUAL, , , ,5/23/2022,7/18/2022,2223,MAIN,41450,16,,,
CHM,101,D03L,LAB,8W1,0,0,4,29,STEM,"Harry,Stephanie Dawn",30,TUAL, , , ,5/23/2022,7/18/2022,2223,MAIN,41451,0,,,
MTH,245,D01,DED,8W1,3,3,11,28,STEM,"Indika,S H Sathish",30,TUAL, , , ,5/23/2022,7/18/2022,2223,MAIN,35232,33,,,
MTH,263,D02,DED,8W1,4,4,6,28,STEM,"Indika,S H Sathish",30,TUAL, , , ,5/23/2022,7/18/2022,2223,MAIN,35212,24,,,
MTH,266,D01,DED,8W1,3,3,4,28,STEM,"Indika,S H Sathish",30,TUAL, , , ,5/23/2022,7/18/2022,2223,MAIN,35243,12,,,
ITE,115,D01,DED,8W1,3,3,19,24,STEM,"Jones,Doretha",30,TUAL, , , ,5/23/2022,7/18/2022,2223,MAIN,35221,57,,,
ITE,140,D01,DED,8W1,3,3,9,24,STEM,"Jones,Doretha",30,TUAL, , , ,5/23/2022,7/18/2022,2223,MAIN,35547,27,,,
MTH,154,D04,DED,8W1,3,3,4,32,STEM,"Kankanamge,Duminda G J",30,TUAL, , , ,5/23/2022,7/18/2022,2223,MAIN,35552,12,,,
MTH,155,20W,LEC,8W1,3,3,1,24,STEM,"Kelso,Elizabeth Ann",24,304,8:00:00 AM,10:45:00 AM,TR,5/23/2022,7/18/2022,2223,HT,35558,3,,,
MTH,155,D01,DED,8W1,3,3,16,28,STEM,"Kelso,Elizabeth Ann",30,TUAL, , , ,5/23/2022,7/18/2022,2223,MAIN,35290,48,,,
MTH,161,D01,DED,8W1,3,3,16,28,STEM,"Kelso,Elizabeth Ann",30,TUAL, , , ,5/23/2022,7/18/2022,2223,MAIN,35223,48,,,
GOL,199,Z01H,LEC,DYN,1,1,0,25,STEM,"Kohrs,Russell Henry",25,NLRC,8:00:00 AM,5:00:00 PM,MTWRF,6/25/2022,7/29/2022,2223,MAIN,35604,0,,,
GOL,199,Z02H,LEC,DYN,1,1,0,25,STEM,"Kohrs,Russell Henry",25,NLRC,8:00:00 AM,5:00:00 PM,MTWRF,6/25/2022,7/29/2022,2223,MAIN,36746,0,,,
PHY,101,D01,DED,8W1,4,4,14,24,STEM,"Kuchina,Elena",30,TUAL, , , ,5/23/2022,7/18/2022,2223,MAIN,35399,56,,,
PHY,101,D01L,LAB,8W1,0,0,14,24,STEM,"Kuchina,Elena",30,TUAL, , , ,5/23/2022,7/18/2022,2223,MAIN,35400,0,,,
PHY,201,D01,DED,8W1,4,4,19,24,STEM,"Kuchina,Elena",30,TUAL, , , ,5/23/2022,7/18/2022,2223,MAIN,35317,76,,,
PHY,201,D01L,LAB,8W1,0,0,19,24,STEM,"Kuchina,Elena",30,TUAL, , , ,5/23/2022,7/18/2022,2223,MAIN,35318,0,,,
PHY,242,D02L,LAB,8W1,0,0,13,24,STEM,"Kuchina,Elena",30,TUAL, , , ,5/23/2022,7/18/2022,2223,MAIN,41341,0,,,
CHM,111,D01,DED,5W1,4,4,10,30,STEM,"Mahfouz,Riham M",30,TUAL, , , ,5/16/2022,6/18/2022,2223,MAIN,35502,40,,,
CHM,111,D01L,LAB,5W1,0,0,10,30,STEM,"Mahfouz,Riham M",30,TUAL, , , ,5/16/2022,6/18/2022,2223,MAIN,35503,0,,,
CHM,111,D02L,LAB,8W1,0,0,6,29,STEM,"Mahfouz,Riham M",30,TUAL, , , ,5/23/2022,7/18/2022,2223,MAIN,35434,0,,,
CHM,241,D01,DED,8W1,3,3,10,32,STEM,"Mahfouz,Riham M",30,TUAL, , , ,5/23/2022,7/18/2022,2223,MAIN,35565,30,,,
CHM,242,D01,DED,8W1,3,3,9,26,STEM,"Mahfouz,Riham M",30,TUAL, , , ,5/23/2022,7/18/2022,2223,MAIN,35437,27,,,
ITE,119,B20W,LEC,8W1,3,3,3,24,STEM,"Mann,Michael D",24,232,12:00:00 PM,2:45:00 PM,T,5/23/2022,7/18/2022,2223,HT,35570,9,,,
ITN,156,D01,DED,8W1,4,4,3,24,STEM,"Mann,Michael D",30,TUAL, , , ,5/23/2022,7/18/2022,2223,MAIN,38340,12,,,
ITN,260,D01,DED,8W1,3,3,8,24,STEM,"Mann,Michael D",30,TUAL, , , ,5/23/2022,7/18/2022,2223,MAIN,35457,24,,,
BIO,141,01W,LEC,8W1,4,4,6,24,STEM,"Marcinkus,Susan Rita",40,328,11:00:00 AM,1:50:00 PM,MW,5/23/2022,7/18/2022,2223,HT,35255,24,,,
BIO,141,01WL,LAB,8W1,0,0,6,24,STEM,"Marcinkus,Susan Rita",24,333,8:00:00 AM,10:50:00 AM,MW,5/23/2022,7/18/2022,2223,HT,35256,0,,,
BIO,141,21H,LEC,8W1,4,4,5,24,STEM,"Marcinkus,Susan Rita",48,421,11:00:00 AM,1:50:00 PM,TR,5/23/2022,7/18/2022,2223,MAIN,35293,20,,,
MTH,162,20W,LEC,8W1,3,3,2,32,STEM,"Marple,Christopher R",40,328,8:00:00 AM,10:45:00 AM,TR,5/23/2022,7/18/2022,2223,HT,35225,6,,,
BIO,101,D01,DED,8W1,4,4,21,30,STEM,"Martin,Jennifer M",30,TUAL, , , ,5/23/2022,7/18/2022,2223,MAIN,35268,84,,,
BIO,101,D01L,LAB,8W1,0,0,21,30,STEM,"Martin,Jennifer M",30,TUAL, , , ,5/23/2022,7/18/2022,2223,MAIN,35269,0,,,
BIO,101,D03,DED,8W1,4,4,3,30,STEM,"Martin,Jennifer M",30,TUAL, , , ,5/23/2022,7/18/2022,2223,MAIN,41514,12,,,
BIO,101,D03L,LAB,8W1,0,0,3,30,STEM,"Martin,Jennifer M",30,TUAL, , , ,5/23/2022,7/18/2022,2223,MAIN,41515,0,,,
MTH,154,D01,DED,5W1,3,3,16,28,STEM,"Maule,Amanda Lynne",30,TUAL, , , ,5/16/2022,6/18/2022,2223,MAIN,35553,48,,,
MTH,154,D02,DED,5W2,3,3,6,28,STEM,"Maule,Amanda Lynne",30,TUAL, , , ,6/21/2022,7/25/2022,2223,MAIN,35554,18,,,
MTH,154,D03,DED,8W1,3,3,19,32,STEM,"Maule,Amanda Lynne",30,TUAL, , , ,5/23/2022,7/18/2022,2223,MAIN,35555,57,,,
MTH,161,01W,LEC,8W1,3,3,0,28,STEM,"Maule,Amanda Lynne",40,328,8:00:00 AM,10:45:00 AM,MW,5/23/2022,7/18/2022,2223,HT,35560,0,,,
BIO,150,DJ01,DED,8W1,4,4,18,30,STEM,"Mead,Jaime Ann",30,TUAL, , , ,5/23/2022,7/18/2022,2223,MAIN,41193,72,,,
BIO,150,DJ1L,LAB,8W1,0,0,18,30,STEM,"Mead,Jaime Ann",30,TUAL, , , ,5/23/2022,7/18/2022,2223,MAIN,41194,0,,,
ITE,119,B01H,LEC,8W1,3,3,4,24,STEM,"Meranda,Toni M",25,428,11:00:00 AM,1:45:00 PM,W,5/23/2022,7/18/2022,2223,MAIN,35309,12,,,
ITE,119,D01,DED,8W1,3,3,15,24,STEM,"Meranda,Toni M",30,TUAL, , , ,5/23/2022,7/18/2022,2223,MAIN,35239,45,,,
PHY,242,D01,DED,8W1,4,4,21,24,STEM,"Michaels,Robert Williams",30,TUAL, , , ,5/23/2022,7/18/2022,2223,MAIN,35401,84,,,
PHY,242,D01L,LAB,8W1,0,0,21,24,STEM,"Michaels,Robert Williams",30,TUAL, , , ,5/23/2022,7/18/2022,2223,MAIN,35402,0,,,
PHY,242,D02,DED,8W1,4,4,13,24,STEM,"Michaels,Robert Williams",30,TUAL, , , ,5/23/2022,7/18/2022,2223,MAIN,41340,52,,,
CAD,211,D01,DED,8W1,3,3,1,24,STEM,"Middleton,Maury E",30,TUAL, , , ,5/23/2022,7/18/2022,2223,MAIN,40533,3,,,
EGR,121,51H,LEC,8W1,2,2,2,24,STEM,"Mohammed,Yousuf Shaker",24,418,5:00:00 PM,6:40:00 PM,TR,5/23/2022,7/18/2022,2223,MAIN,40950,4,,,
EGR,122,D01,DED,8W1,3,3,8,24,STEM,"Mohammed,Yousuf Shaker",30,TUAL, , , ,5/23/2022,7/18/2022,2223,MAIN,39010,24,,,
MAC,198,X01H,LEC,5W1,3,3,4,12,STEM,"Morris Jr.,Edward W",20,1120,7:40:00 AM,10:00:00 AM,MTWRF,5/16/2022,6/18/2022,2223,MAIN,40531,12,,,
MEC,100,Z01H,LEC,DYN,2,2,0,25,STEM,"Morris Jr.,Edward W",25,NLRC,8:00:00 AM,5:00:00 PM,MTWRF,6/25/2022,7/29/2022,2223,MAIN,36747,0,,,
MEC,100,Z02H,LEC,DYN,2,2,0,25,STEM,"Morris Jr.,Edward W",25,NLRC,8:00:00 AM,5:00:00 PM,MTWRF,6/25/2022,7/29/2022,2223,MAIN,36749,0,,,
CHM,101,D01,DED,8W1,4,4,26,29,STEM,"Olagunju,Olufunke Modupe",30,TUAL, , , ,5/23/2022,7/18/2022,2223,MAIN,35431,104,,,
CHM,101,D01L,LAB,8W1,0,0,26,29,STEM,"Olagunju,Olufunke Modupe",30,TUAL, , , ,5/23/2022,7/18/2022,2223,MAIN,35432,0,,,
CHM,101,D02,DED,8W1,4,4,20,29,STEM,"Olagunju,Olufunke Modupe",30,TUAL, , , ,5/23/2022,7/18/2022,2223,MAIN,35516,80,,,
CHM,101,D02L,LAB,8W1,0,0,20,29,STEM,"Olagunju,Olufunke Modupe",30,TUAL, , , ,5/23/2022,7/18/2022,2223,MAIN,35517,0,,,
BIO,142,20W,LEC,8W1,4,4,2,24,STEM,"Ouellette,Donald Edward",40,328,11:00:00 AM,1:50:00 PM,TR,5/23/2022,7/18/2022,2223,HT,35257,8,,,
BIO,142,20WL,LAB,8W1,0,0,2,24,STEM,"Ouellette,Donald Edward",24,333,8:00:00 AM,10:50:00 AM,TR,5/23/2022,7/18/2022,2223,HT,35258,0,,,
ITP,100,DN60,DED,DYN,3,3,2,10,STEM,"Owens,Sidney",30,TUAL, , , ,5/31/2022,8/8/2022,2223,MAIN,38344,6,,,
ITE,120,D01,DED,8W1,3,3,19,24,STEM,"Pierce,Nicholas Allen",30,TUAL, , , ,5/23/2022,7/18/2022,2223,MAIN,35238,57,,,
ITE,120,D02,DED,5W2,3,3,2,24,STEM,"Pierce,Nicholas Allen",30,TUAL, , , ,6/21/2022,7/25/2022,2223,MAIN,35524,6,,,
ITN,109,DJ01,DED,8W1,3,3,16,23,STEM,"Pierce,Nicholas Allen",30,TUAL, , , ,5/23/2022,7/18/2022,2223,MAIN,41769,48,,,
ITP,100,D01,DED,8W1,3,3,16,24,STEM,"Pierce,Nicholas Allen",30,TUAL, , , ,5/23/2022,7/18/2022,2223,MAIN,35287,48,,,
MTH,162,D01,DED,8W1,3,3,18,32,STEM,"Riggs,Robert E",30,TUAL, , , ,5/23/2022,7/18/2022,2223,MAIN,35211,54,,,
MTH,263,A01W,LEC,DYN,4,4,1,1,STEM,"Rockson,Thomas A",30,WMMA,10:10:00 AM,12:10:00 PM,MTWR,5/31/2022,7/1/2022,2223,HT,41734,4,,FULL,
MTH,245,D03,DED,8W1,3,3,23,28,STEM,"Schmidt,Amy D",30,TUAL, , , ,5/23/2022,7/18/2022,2223,MAIN,35218,69,,,
MTH,261,D01,DED,8W1,3,3,26,32,STEM,"Schmidt,Amy D",30,TUAL, , , ,5/23/2022,7/18/2022,2223,MAIN,35466,78,,,
MTH,264,D01,DED,8W1,4,4,18,32,STEM,"Schmidt,Amy D",30,TUAL, , , ,5/23/2022,7/18/2022,2223,MAIN,35237,72,,,
ITP,100,DN20,DED,DYN,3,3,4,5,STEM,"Snider,David J",30,TUAL, , , ,5/16/2022,8/8/2022,2223,MAIN,38342,12,,,
BIO,101,D02,DED,8W1,4,4,22,30,STEM,"Song,Pengfei",30,TUAL, , , ,5/23/2022,7/18/2022,2223,MAIN,35272,88,,,
BIO,101,D02L,LAB,8W1,0,0,22,30,STEM,"Song,Pengfei",30,TUAL, , , ,5/23/2022,7/18/2022,2223,MAIN,35273,0,,,
MDE,60,50H,LEC,8W1,3,3,8,18,STEM,"Spencer,Laura Ross",24,309,4:00:00 PM,6:45:00 PM,TR,5/23/2022,7/18/2022,2223,MAIN,38637,24,,,
CHM,111,D02,DED,8W1,4,4,6,29,STEM,"Spryn,Lucinda A",30,TUAL, , , ,5/23/2022,7/18/2022,2223,MAIN,35433,24,,,
CHM,112,D01,DED,8W1,4,4,20,26,STEM,"Spryn,Lucinda A",30,TUAL, , , ,5/23/2022,7/18/2022,2223,MAIN,35435,80,,,
CHM,112,D01L,LAB,8W1,0,0,20,26,STEM,"Spryn,Lucinda A",30,TUAL, , , ,5/23/2022,7/18/2022,2223,MAIN,35436,0,,,
CHM,112,D02,DED,5W2,4,4,11,24,STEM,"Spryn,Lucinda A",30,TUAL, , , ,6/21/2022,7/25/2022,2223,MAIN,35521,44,#REF!,,
CHM,112,D02L,LAB,5W2,0,0,11,24,STEM,"Spryn,Lucinda A",30,TUAL, , , ,6/21/2022,7/25/2022,2223,MAIN,35522,0,,,
BIO,101,01H,LEC,8W1,4,4,5,24,STEM,"Staff,Tba",48,421,11:00:00 AM,1:50:00 PM,MW,5/23/2022,7/18/2022,2223,MAIN,35247,20,,,
BIO,101,01HL,LAB,8W1,0,0,5,24,STEM,"Staff,Tba",24,435,8:00:00 AM,10:50:00 AM,MW,5/23/2022,7/18/2022,2223,MAIN,35540,0,,,
BIO,101,01W,LEC,8W1,4,4,5,24,STEM,"Staff,Tba",24,304,11:00:00 AM,1:50:00 PM,MW,5/23/2022,7/18/2022,2223,HT,35253,20,#REF!,,
BIO,101,01WL,LAB,8W1,0,0,5,24,STEM,"Staff,Tba",32,329,8:00:00 AM,10:50:00 AM,MW,5/23/2022,7/18/2022,2223,HT,35254,0,,,
BIO,101,50H,LEC,8W1,4,4,2,24,STEM,"Staff,Tba",44,426,4:00:00 PM,6:50:00 PM,TR,5/23/2022,7/18/2022,2223,MAIN,35248,8,,,
BIO,101,50HL,LAB,8W1,0,0,2,24,STEM,"Staff,Tba",24,435,7:00:00 PM,9:40:00 PM,TR,5/23/2022,7/18/2022,2223,MAIN,35249,0,,,
BIO,102,20H,LEC,8W1,4,4,5,24,STEM,"Staff,Tba",44,426,11:00:00 AM,1:50:00 PM,TR,5/23/2022,7/18/2022,2223,MAIN,35291,20,,,
BIO,102,20HL,LAB,8W1,0,0,5,24,STEM,"Staff,Tba",24,434,2:00:00 PM,4:50:00 PM,TR,5/23/2022,7/18/2022,2223,MAIN,35292,0,,,
BIO,141,20H,LEC,5W1,4,4,0,24,STEM,"Staff,Tba",28,429,11:00:00 AM,1:50:00 PM,TWR,5/16/2022,6/18/2022,2223,MAIN,35492,0,,,
BIO,141,20HL,LAB,5W1,0,0,0,24,STEM,"Staff,Tba",24,405,8:00:00 AM,10:50:00 AM,TWR,5/16/2022,6/18/2022,2223,MAIN,35493,0,,,
BIO,141,21HL,LAB,8W1,0,0,5,24,STEM,"Staff,Tba",24,434,8:00:00 AM,10:50:00 AM,TR,5/23/2022,7/18/2022,2223,MAIN,35439,0,,,
BIO,141,50H,LEC,8W1,4,4,3,24,STEM,"Staff,Tba",48,421,4:00:00 PM,6:50:00 PM,TR,5/23/2022,7/18/2022,2223,MAIN,35294,12,,,
BIO,141,50HL,LAB,8W1,0,0,3,24,STEM,"Staff,Tba",24,405,7:00:00 PM,9:40:00 PM,TR,5/23/2022,7/18/2022,2223,MAIN,35295,0,,,
BIO,142,01H,LEC,8W1,4,4,2,24,STEM,"Staff,Tba",44,426,11:00:00 AM,1:50:00 PM,MW,5/23/2022,7/18/2022,2223,MAIN,35496,8,,,
BIO,142,01HL,LAB,8W1,0,0,2,24,STEM,"Staff,Tba",24,434,8:00:00 AM,10:50:00 AM,MW,5/23/2022,7/18/2022,2223,MAIN,35497,0,,,
CHM,111,D03,DED,5W2,4,4,0,29,STEM,"Staff,Tba",30,TUAL, , , ,6/21/2022,7/25/2022,2223,MAIN,41678,0,,,
CHM,111,D03L,LAB,5W2,0,0,0,29,STEM,"Staff,Tba",30,TUAL, , , ,6/21/2022,7/25/2022,2223,MAIN,41679,0,,,
ITE,119,D02,DED,8W1,3,3,0,0,STEM,"Staff,Tba",30,TUAL, , , ,5/23/2022,7/18/2022,2223,MAIN,35240,0,,FULL,
ITE,119,D03,DED,8W1,3,3,0,0,STEM,"Staff,Tba",30,TUAL, , , ,5/23/2022,7/18/2022,2223,MAIN,35252,0,,FULL,
MDE,60,40H,LEC,8W1,3,3,0,0,STEM,"Staff,Tba",24,309,5:30:00 PM,8:15:00 PM,MW,5/23/2022,7/18/2022,2223,MAIN,38636,0,,FULL,
MDE,10,D01,DED,8W1,3,3,12,18,STEM,"Struble,Elizabeth Marie",30,TUAL, , , ,5/23/2022,7/18/2022,2223,MAIN,38635,36,,,
MDE,60,D01,DED,8W1,3,3,7,18,STEM,"Struble,Elizabeth Marie",30,TUAL, , , ,5/23/2022,7/18/2022,2223,MAIN,38638,21,,,
MTH,130,D01,DED,8W1,3,3,19,28,STEM,"Struble,Elizabeth Marie",30,TUAL, , , ,5/23/2022,7/18/2022,2223,MAIN,35548,57,,,
ITE,119,D04,DED,5W2,3,3,3,24,STEM,"Susalis,Christopher R",30,TUAL, , , ,6/21/2022,7/25/2022,2223,MAIN,35523,9,,,
MTH,245,D02,DED,8W1,3,3,11,28,STEM,"Tessier,Paul Edward",30,TUAL, , , ,5/23/2022,7/18/2022,2223,MAIN,35453,33,,,
MTH,245,D04,DED,8W1,3,3,0,28,STEM,"Tessier,Paul Edward",30,TUAL, , , ,5/23/2022,7/18/2022,2223,MAIN,35488,0,,,
MTH,161,50H,LEC,8W1,3,3,1,28,STEM,"Townes,Anthony Whitney",32,311,7:00:00 PM,9:40:00 PM,TR,5/23/2022,7/18/2022,2223,MAIN,35487,3,,,
GOL,111,01H,LEC,8W1,4,4,2,20,STEM,"Tulipani,Diane C",24,437,11:00:00 AM,1:50:00 PM,MW,5/23/2022,7/18/2022,2223,MAIN,35499,8,,,
GOL,111,01HL,LAB,8W1,0,0,2,20,STEM,"Tulipani,Diane C",24,437,2:00:00 PM,4:50:00 PM,MW,5/23/2022,7/18/2022,2223,MAIN,35500,0,,,
NAS,206,20H,LEC,8W1,3,3,4,10,STEM,"Weygand,Dennis P",15,427,9:30:00 AM,12:20:00 PM,TR,5/23/2022,7/18/2022,2223,MAIN,40316,12,,,
PHY,241,50W,LEC,8W1,4,4,5,24,STEM,"Weygand,Dennis P",24,304,4:00:00 PM,6:45:00 PM,TR,5/23/2022,7/18/2022,2223,HT,35270,20,,,
PHY,241,50WL,LAB,8W1,0,0,5,24,STEM,"Weygand,Dennis P",24,236,7:00:00 PM,9:40:00 PM,TR,5/23/2022,7/18/2022,2223,HT,35271,0,,,
MTH,161,DG50,DED,8W1,3,3,3,18,STEM,"Whitney,Kenya S",30,TUAL, , , ,5/23/2022,7/18/2022,2223,MAIN,35557,9,,,
IND,243,01H,LEC,DYN,3,3,4,4,STEM,"Wilcox IV,Clarence Richard",25,NHTC,12:15:00 PM,2:45:00 PM,MWF,5/9/2022,6/10/2022,2223,MAIN,35404,12,,FULL,
IND,243,X01H,LEC,DYN,3,3,11,12,STEM,"Wilcox IV,Clarence Richard",25,NHTC,7:40:00 AM,10:10:00 AM,MWF,5/9/2022,6/10/2022,2223,MAIN,39645,33,,,
IND,243,X02H,LEC,DYN,3,3,8,10,STEM,"Wilcox IV,Clarence Richard",25,NHTC,12:15:00 PM,2:45:00 PM,MWF,5/9/2022,6/10/2022,2223,MAIN,39648,24,,,
IND,243,20HL,LAB,DYN,3,0,4,4,STEM,"Young,Julie A",25,NHTC,12:15:00 PM,2:45:00 PM,TR,5/9/2022,6/10/2022,2223,MAIN,35568,0,,FULL,
IND,243,X02L,LAB,DYN,3,0,8,10,STEM,"Young,Julie A",25,NHTC,12:15:00 PM,2:45:00 PM,TR,5/9/2022,6/10/2022,2223,MAIN,39649,0,,,
MEC,132,01H,LEC,DYN,3,3,2,15,STEM,"Young,Julie A",32,311,9:00:00 AM,11:30:00 AM,MW,5/9/2022,7/1/2022,2223,MAIN,35507,6,,,
MEC,132,C90H,LEC,DYN,3,3,5,5,STEM,"Young,Julie A",32,311,9:00:00 AM,11:30:00 AM,MW,5/9/2022,7/1/2022,2223,MAIN,39659,15,,FULL,
UMS,107,D01,DED,DYN,3,3,0,16,STEM,"Young,Julie A",30,TUAL, , , ,5/9/2022,7/1/2022,2223,MAIN,39680,0,,,
BIO,141,D01L,LAB,8W1,0,0,19,30,STEM,"Zahn,Kimberly Demnicki",30,TUAL, , , ,5/23/2022,7/18/2022,2223,MAIN,35277,0,,,
BIO,141,D02,DED,8W1,4,4,24,30,STEM,"Zahn,Kimberly Demnicki",30,TUAL, , , ,5/23/2022,7/18/2022,2223,MAIN,35283,96,,,
BIO,141,D02L,LAB,8W1,0,0,24,30,STEM,"Zahn,Kimberly Demnicki",30,TUAL, , , ,5/23/2022,7/18/2022,2223,MAIN,35284,0,,,
BIO,141,D03,DED,8W1,4,4,16,30,STEM,"Zahn,Kimberly Demnicki",30,TUAL, , , ,5/23/2022,7/18/2022,2223,MAIN,41385,64,,,
BIO,141,D03L,LAB,8W1,0,0,16,30,STEM,"Zahn,Kimberly Demnicki",30,TUAL, , , ,5/23/2022,7/18/2022,2223,MAIN,41386,0,,,
BIO,142,D03,DED,8W1,4,4,3,30,STEM,"Zahn,Martin D",30,TUAL, , , ,5/23/2022,7/18/2022,2223,MAIN,41516,12,,,
BIO,145,D01,DED,8W1,4,4,7,30,STEM,"Zahn,Martin D",30,TUAL, , , ,5/23/2022,7/18/2022,2223,MAIN,35541,28,,,
BIO,145,D01L,LAB,8W1,0,0,7,30,STEM,"Zahn,Martin D",30,TUAL, , , ,5/23/2022,7/18/2022,2223,MAIN,35542,0,,,
